应用名称,应用包名,分类,应用简介,详细介绍
GreatPan探索版,com.syqm.gppioneer,影音播放,你的音乐好伴侣,"GreatPan是一款集学习、分享、互动、创作于一体的音乐APP，学习：操作简洁，海量曲谱跟随视频轻松学习；分享：一键分享，让朋友圈感受你的唱弹魅力；互动：多人演奏，大胆展现自己的风格与才华；创作：随心编曲，时刻记录你的美好音乐灵感；龟鼓一款集合238种乐器音色的新型电子乐器，是演奏乐器更是音乐伴侣，作为演奏乐器，Ta简单易学，让音乐小白5分钟轻松上手，秒变音乐达人；作为音乐伴侣，Ta独具匠心，是亲子、聚会、减压、炫酷的时尚音乐潮品；龟鼓结合GreatPan APP使用可满足听歌、弹唱、演奏、编曲创作、炫酷分享等多场景需求，听歌：领先的DSP声音处理技术，360度环绕立体声场，带给你声临其境的体验；弹唱：简单好上手，5分钟轻松学会一首歌，随心所欲弹唱，秒变音乐达人；演奏：多台龟鼓使用不同乐器音色组队演奏，还能无缝搭配传统乐器实现合奏；编曲：多种乐器、音高、伴奏随心编曲创作，时刻记录你的美好音乐灵感；炫酷：聚会表演、弹唱自拍，只需1台龟鼓，即可满足你的所有炫酷需求。暂无大小：110.94M更新：2022-08-23版本：1.0.2格式：apk分类：影音播放要求：6.0以上
								隐私政策
							"
博科园,www.bokeyuan.net,学习办公,科学、科技、科研、科普、科幻,"让梦想有翅膀，方能追逐大美宇宙科学！人类历史上最壮美的诗篇奇迹是由科学书写的；科学的故事，更加壮观离奇，令人魂牵梦！宇宙之所以绚丽美妙，是因为粒子的希尔伯特空间维度众多。宇宙的多元性，世界的未知性，时空的可塑性，元素的复杂性，物质的奥妙性，生命的偶然性，物种的多样性，人类的智慧性，事物的发展性，你我的兴趣性，最终缔造了让你我相聚于此的概率性，你觉得呢？博科园｜基于科学为中心的科学科普交流App悄然诞生，它需要你的参与“哺育”才能慢慢成长！不仅除了自然科学（物理学、天文学、数学、化学、生物学、地球科学）还有更多相关的科学科普与学习分享交流。这或许是冷门也是各科学类科学爱好者与学习者的聚集地，欢迎各位有学之士的加入、一同学习交流成长、在宇宙科学的瀚海中…我们需要你，在这里收获一些不一样的知识和乐趣吧！博科园官方平台小程序：博科园微信公众号：博科园微信公众号：天文物理新 浪 微 博@博科园官方QQ号 : 1741539716官方qq群 : 589224649合作联系：bokeyuan@vip.qq.com百度一下：博科园博科园｜即广泛领域的科学知识园地，专注于科学、科技、科研、科普方向，追逐大美宇宙科学，传播理性、客观，证伪的科学之美！暂无大小：32.13M更新：2022-08-23版本：1.700.000格式：apk分类：学习办公要求：5.0以上
								隐私政策
							"
腾势汽车,com.byd.denzadilink,便捷生活,腾势汽车用户服务及智慧互联应用,"你好，我是腾势。          腾势汽车APP是为用户打造的一款智慧出行应用，致力于为用户提供一站式用车专属服务。通过腾势汽车APP，可随时随地享受车主服务。          加入社区，和车友们互动交流，全面了解腾势汽车最新资讯，参与活动获取积分权益，让你的用车体验更轻松、更便利、更智趣、更无忧。【全新UI】          简约自成一派，视觉风格耳目一新【积分好礼】         注册并管理你的个人主页，参与社区活动，累积腾势值，前往商城兑换精美的腾势Life周边大小：1.37M更新：2022-08-23版本：1.0格式：apk分类：便捷生活要求：4.4以上
								隐私政策
							"
淘好基金,cn.com.gjzq.findgoodfund,金融理财,国金证券旗下的基金理财平台,"淘好基金App是国金证券旗下的一站式基金理财服务平台，包含淘基工具、开户服务、理财商城服务等，申购费用1折起，是你基金理财路上的智能投资助手-----------为什么选择淘好基金-----------【国金官方出品】国金证券是有深厚历史积淀的老牌券商，实力强、服务好，是你可信赖的伙伴【智慧选基】大数据多维度科学选出好基，紧跟市场动态，捕捉最新投资热点，数据掘金，优中选优【理财服务】根据市场行情和用户个性化需求，为用户精准匹配理财产品，帮助用户快速找到适合自身及当下行情的理财方式【便捷交易】支持国金证券7*24小时在线开户服务，开户即领8大新客好礼，更有严选好基金 【投资锦囊】即时展示精选基金排行榜，包含人气基金榜、定投冠军榜、收益冠军榜等，还有基金学院、基金pk、定投计算器等，让你投资不再迷茫-----------核心页面-----------【首页】包含开户功能，以及智慧选基、基金排行、基金学院、淘榜单、淘优惠等淘基工具，助您快速掌握市场动态，轻松科学选基【买基金】用户可进行理财产品的购买、赎回、转换、设置分红方式、转托管、设置定投等交易，操作轻便、简洁、专业，每日收益一目了然【我的页面】包含修改个人资料和相关密码、风险测评、操作银证转账、变更三方存管银行等实用功能--------如果您有问题，欢迎通过以下方式联系我们--------智能客服：24小时全天候为你答疑解惑国金证券财富热线：95310暂无大小：44.30M更新：2022-08-23版本：1.01.001格式：apk分类：金融理财要求：6.0以上
								隐私政策
							"
校效通,gov.grant,便捷生活,方便学生进行奖助学金的数据填报,"方便学生进行奖助学金的数据填报，进行相关校内报名缴费，了解学院相关通知公告，对于学院的通用文件进行下载，了解国家/学校的资助政策，以及学校勤工助学岗位招聘暂无大小：15.84M更新：2022-08-23版本：4.0.3格式：apk分类：便捷生活要求：4.4以上
								隐私政策
							"
龙牙直播,com.oya.sport,影音播放,足球篮球比分体育资讯,"提供足球比分体育视频；全球足球联赛数据积分榜，篮球比分，NBA文字；各大足球篮球联赛资料库历史往绩，赛果概率汇总统计，英超，德甲，法甲，意甲，西甲，中超，世界杯等足球比分数据资讯；更有篮球联赛包括NBA，CBA等比分；功能简介：1.即时比分：足球，篮球，比分即时更新，包括英超等五大联赛；世界杯足球，NBA，CBA等篮球比分；2.赛程：贴心的赛前预告和直播预约,可以让每一场比赛不被错过。3. 头条推送：当日足球比分，篮球比分，赛前推送，进球即时推送，随时获取英超，世界杯等赛事动态情报；4.数据历史回查：各大足球联赛球队比赛战绩积分榜及历史记录，庞大资料库即时比分，历史往绩随时翻看；5.社区：任意赛事点评，一键分享到社区。与各路球友交流分享，畅快聊球。还有更多足球篮球比分实用功能，下载体验！联系我们：官方微博：龙牙直播微信公众号：龙牙体育（longyazhibo）暂无大小：51.36M更新：2022-08-19版本：1.0.0格式：apk分类：影音播放要求：5.0以上
								隐私政策
							"
洪恩写字,com.ihuman.write,学习办公,让孩子爱上写字,"让孩子爱上写字！《洪恩写字》，由口碑产品《洪恩识字》团队匠心打造，是一款专为6-12岁儿童设计的自主学习型汉字书写App。搭配洪恩智能写字笔，软硬件相互结合，以多重科技打造“纸屏同步、实时点评”的智能练字新体验。《洪恩写字》App通过精美的动画引导、专业书法老师真人示范讲解、趣味的互动环节，帮助孩子循序渐进地理解汉字的基本笔画、笔顺和间架结构，掌握正确的汉字书写方法，提高汉字书写水平。通过多维度AI智能评分和大数据算法，进行圈注纠错、实时点评和个性化的指导，轻松提升孩子的汉字认知、书写及鉴赏能力。【科学分阶段，专注每一步成长】《洪恩写字》根据《中小学书法教育指导纲要》，科学打造六阶段进阶式内容体系，由浅入深、循序渐进，可根据孩子的自身需求自由选择进度学习。整体内容包括写字姿势、运笔练习、基本笔画、偏旁部首、独体字、结构字及生活常用汉字等，同时拓展成语和古诗书写，提高素养、巩固所学。【纸屏同步走，实时点评超省心】《洪恩写字》软件与硬件结合的产品理念，带来智能科技与汉字书写相融合的新模式。工业级标准打造的洪恩智能写字笔，实现真实铅笔书写体验，前端配备微观摄像头，精准识别笔画先后顺序、起终点位置、写字用时和握笔姿势等内容，并实时同步至App内。《洪恩写字》为目标汉字提供一对一圈注纠错和个性化的指导，以科技手段帮助儿童解决书写汉字中出现的各种问题，让孩子自主学习，家长轻松省心。【个性化设计，满足不同的需求】《洪恩写字》精心打造“学、写、练”三大环节。环环相扣的闭环设计，帮助孩子更快更好地书写汉字。闯关式解锁新汉字的模式，配以不间断的激励和趣味互动，让孩子更有坚持的动力。学习报告反馈和各环节个性化设置功能，助力实现更高效的学习！【专业信得过，真人示范抓细节】来自中国硬笔书法家协会的书法老师提供有趣又有效的专业示范，从握笔姿势、基本笔画到间架结构，多角度多细节的讲解带来沉浸式跟学体验。讲解环节更增加了观察结构、书写要点等模块，让写对字、写好字变得更容易。【卡通趣世界，兴趣激发探索力】根据儿童的认知特点，全新设计的“笔贝贝”卡通形象串联整个奇幻写字之旅，沉浸式陪伴中启迪书写天赋、激发学习热情。《洪恩写字》打造了一套全新的奇幻汉字世界观，结合专业精美的视听画面和定制化的趣味交互设计，增强孩子的动手能力及思维创造力，提升鉴赏力和综合素养。【联系我们】邮箱：service@ihuman.com暂无大小：556.38M更新：2022-08-19版本：1.0.0格式：apk分类：学习办公
								隐私政策
							"
米尤,com.freedom.miyou,社交网络,在线约会交友找对象,"约会就来米尤！不用加好友，就能在线约会交友找对象。米尤，是一款集交友、语音聊天、视频通话等多功能的一体的实时互动社交软件。在这里，您可以倾诉心声、分享快乐，也可以发现TA的闪光点，默默拉进彼此的距离，相中命中注定的那个TA。【异域交友】优先推荐附近异形，拉进彼此的距离感【精彩动态】告别尬聊，点滴生活，动态记录【真人认证】真人信息，展现一个真实的自我米尤线上交友聊天，就用米尤约会就来米尤！不用加好友，就能在线约会交友找对象。米尤，是一款集交友、语音聊天、视频通话等多功能的一体的实时互动社交软件。在这里，您可以倾诉心声、分享快乐，也可以发现TA的闪光点，默默拉进彼此的距离，相中命中注定的那个TA。【异域交友】优先推荐附近异形，拉进彼此的距离感【精彩动态】告别尬聊，点滴生活，动态记录【真人认证】真人信息，展现一个真实的自我大小：113.42M更新：2022-08-18版本：1.0.0格式：apk分类：社交网络要求：5.0以上
								开发者：
							
								隐私政策
							"
丝仆,com.trimble.sipu,社交网络,高质量社交平台,"丝仆，轻松地与各地的人们实时交友的高质量社交平台。在这里，您可以倾诉心声、分享快乐，也可以发现TA的闪光点，默默拉进彼此的距离，相中命中注定的那个TA。你可以与各地有趣的灵魂相遇，pick与自己志同道合的人，随时随地与TA视频/文字聊天，在这里建立只属于你的社交圈。【在丝仆，你可以】- 与各地的人实时视频聊天- 各种滤镜展现自信- 记录生活，告别尬聊- 探索新的世界，新的文化，新的自己丝仆，轻松地与各地的人们实时交友的高质量社交平台。在这里，您可以倾诉心声、分享快乐，也可以发现TA的闪光点，默默拉进彼此的距离，相中命中注定的那个TA。你可以与各地有趣的灵魂相遇，pick与自己志同道合的人，随时随地与TA视频/文字聊天，在这里建立只属于你的社交圈。【在丝仆，你可以】- 与各地的人实时视频聊天- 各种滤镜展现自信- 记录生活，告别尬聊- 探索新的世界，新的文化，新的自己大小：149.72M更新：2022-08-18版本：1.0.0格式：apk分类：社交网络要求：5.0以上
								开发者：
							
								隐私政策
							"
桃尤,com.shilv.huatu,社交网络,真实聊天交友软件,"桃尤，真实快捷异性的聊天交流交友软件，让你找到更有趣的另一半。在桃尤，你可以通过文字、语音、视频等多种方式与不同城市或附近异性的聊天视频互动。已有超过上千万用户在桃尤快速匹配搭讪找到了心爱另一半、知心朋友、红颜蓝颜知己！孤单无聊，赶快下载桃尤聊起来！【产品特点】【快速匹配搭讪】一键搭讪畅聊，轻松遇到真爱！桃尤独有的视频文字语音同步交流，全面推动有爱男女快速破冰。【视频闪聊】通过ai甄选真实女生快速视频闪聊，平均5秒即可接通，快速了解彼此，告别无聊。【真实交流】桃尤都是真人视频聊天，高安全性ai+人工审核，让每一段互动都真实。【附近动态】找到身边更可爱的她，附近动态全覆盖，最快了解身边有意思的信息，直达快乐。桃尤，真实快捷异性的聊天交流交友软件，让你找到更有趣的另一半。在桃尤，你可以通过文字、语音、视频等多种方式与不同城市或附近异性的聊天视频互动。已有超过上千万用户在桃尤快速匹配搭讪找到了心爱另一半、知心朋友、红颜蓝颜知己！孤单无聊，赶快下载桃尤聊起来！【产品特点】【快速匹配搭讪】一键搭讪畅聊，轻松遇到真爱！桃尤独有的视频文字语音同步交流，全面推动男女快速破冰。【视频闪聊】通过ai甄选真实女生快速视频闪聊，平均5秒即可接通，快速了解彼此，告别无聊。【真实交流】桃尤都是真人视频聊天，高安全性ai+人工审核，让每一段互动都真实。【附近动态】找到身边更可爱的她，附近动态全覆盖，最快了解身边有意思的信息，直达快乐。大小：121.30M更新：2022-08-18版本：1.0.1格式：apk分类：社交网络要求：5.0以上
								开发者：
							
								隐私政策
							"
平地起,com.hunuo.pingdiqiliepin,便捷生活,建工招聘求职、兼职人才交流平台,"平地起直聘APP简介平地起直聘专注建筑行业招聘求职证书合作找工作APP，为建筑设计、地产物业、轨道交通、工程施工、机场港口、水利水电、市政路桥、环境工程、民航机场、等企业单位以及相关从业人员提供求职、招聘、证书合作/兼职等服务；平地起直聘APP每天海量建筑企业猎聘建工人才及证书合作、兼职；已为许多建筑行业人员找到了满意的工作。平地起建筑人才网已成为建工企业与人才汇集的招聘信息平台。为求职者提供服务【简历置顶】简历强曝光，企业约面率大提升【服务人群】建筑建工工程从业人员，全职兼职实习校招【企业来信】随时随地查看消息，求职信息不遗漏【职位推荐】算法智能匹配，都是心仪职位【企业屏蔽】自选屏蔽企业，简历安全隐身【求职服务】专业服务，助你脱颖而出为招聘者提供服务【服务人群】有招聘需求的建工企业招聘者和用人部门【精准推荐】智能分析职位信息，精准匹配优质人才【及时沟通】提供多种在线沟通工具，及时锁定候选人【关于平地起直聘】专注建筑行业价值链平台超多高薪建筑职位，靠谱企业随薪选官方网站：https://www.pdq365.com更多精彩内容与服务请关注等待我们的更新平地起直聘专属于建工行业的求职招聘人才网、证书合作兼职网、附件建筑工程施工队工地招人网修复一些问题大小：78.05M更新：2022-08-19版本：1.0.251格式：apk分类：便捷生活要求：5.0以上
								隐私政策
							"
咪聊,com.ggh.michat,社交网络,基于附近动态兴趣建立友好关系！,"咪聊社交App于2021年底上线，一款LBS移动社交应用。 是基于附近动态兴趣建立友好关系！咪聊社交App的愿景是持续打造年轻人的社交新篇章。为用户提供了一个更加真实、沉浸式、低延迟性的社交场域。咪聊社交App的附近人分享可以做到以下：1.聊天就可以有收益，男生女生都可以2.图片和视频动态可以设置打赏后观看3.看到好友分享聚餐、情侣约会的感动时刻，在不同的时间感受相同的温暖；4.对他人的精彩动态进行点赞和评论，与陌生人成为好友，开展另一段奇妙之旅；5.能分享自己的精彩生活，或邀请朋友走到户外，一起留下美好时光6.突破传统社交模式，不同时空的伙伴也能相遇在同一个地点。你们可以超越时间枷锁，1.优化了app启动速度2.修复聊天记录清除失败问题3.解决了语音通话时间延迟问题4.修复视频接听方和发起方通话时长不同步问题。大小：87.41M更新：2022-08-22版本：v1.0.9格式：apk分类：社交网络要求：5.0以上
								隐私政策
							"
交朋,com.jiaopeng.hd,社交网络,开放又直接，快速交朋友,"交友不一定要被动！交朋是一款为同城附近单身男女量身定做的聊天交友软件，3秒钟注册，1分钟聊天交友，合适就约见喜欢的她。当前男女比例2:8，急缺有趣单身男士，单身速进！先一对一视频后约会，好看真实可靠，解锁真实联系方式，靠谱拒绝诈骗。多元的玩法带你探索同城朋友，快速满足你的社交需求，懂你的人在这里！不想再孤单无聊，那就赶紧下载交朋撩起来吧！【真人认证】真实交友，保障安全靠谱的交友体验，为约会保驾护航。【附近聊天】真实用户资料，严格审核资料，高质量人群约会聚集地，你约见的TA就是真实的TA。【添加好友】主动添加你爱的TA为好友，抓住缘分，不再放手！【详细资料】及时查看同城附近妹子资料，丰富的个人主页，生活照片、视频live、爱好动态等应有尽有，在线处cp。来交朋，遇到让你一见如故的TA，拉近彼此的距离，开始一段浪漫爱情，让社交变得更有趣！暂无大小：65.40M更新：2022-08-09版本：2.0.0.0格式：apk分类：社交网络要求：5.0以上
								开发者：
							
								隐私政策
							"
人脸应用锁,com.grunkr.facelock,系统工具,专为原生系统打造的应用锁软件,"人脸应用锁是一款专为原生系统打造的应用锁软件-大小：14.26M更新：2022-08-05版本：1.1.8格式：apk分类：系统工具要求：5.0以上
								隐私政策
							"
得正作业教师,com.lj.ljshell.leteacher,学习办公,学情大数据教学系统,"为老师提供基于AI与大数据技术的智能作业系统，包含AI智能题库、智能组卷、点阵码试卷制作、教学工具及学情大数据分析系统。修改已知BUG大小：60.50M更新：2022-08-05版本：1.0.260格式：apk分类：学习办公要求：5.0以上
								隐私政策
							"
Intelligent Hub,com.inspect.unity,学习办公,向车主直观展示车辆状态,"向车主直观展示车辆状态车辆检测详情正常和异常情况对比保养计划执行等。大屏施工升级，u3d点击可以展示零件名称大小：1,579.12M更新：2022-08-02版本：4.2.8格式：apk分类：学习办公要求：6.0以上
								隐私政策
							"
仁e贷,com.hnyltech.webview,金融理财,便捷的金融借款服务，申请方便。,"运用互联网安全及大数据技术，基于海量用户信用数据及行为数据，为有需求的用户提供方便、快速的借款服务。暂无大小：3.39M更新：2022-08-02版本：1.0格式：apk分类：金融理财要求：5.0以上
								隐私政策
							"
记忆宝,com.lj.ljshell.reciteapp,图书阅读,知识辅助背诵应用,"记忆宝，采用艾宾浩斯记忆法而打造的初中全科考点记忆工具。通过大数据技术收集与整理近5年中考、3年模拟真题、必考内容及同步知识，按科目、教材同步、记忆类型进行了科学的划分。可以帮助孩子对各科知识进行有效复习，加深各科考点、重要知识记忆。修复已知BUG大小：69.40M更新：2022-08-03版本：1.0.260格式：apk分类：图书阅读要求：5.0以上
								隐私政策
							"
恋爱聊天话术库,com.zyhd.chat,社交网络,教你聊天话术，让女生爱上跟你聊天,"实时解决尬聊场景、挽回情感的恋爱话术神器的恋爱话术神器，超20W+恋爱话术，搜一搜即有N+精彩聊天回复任你选择，让你与女生的沟通不再尴尬！你是否会遇到过：见到心仪男神/女神紧张的不敢交流，不知道和TA聊什么？网上记下的土味情话，却因场合不对一撩就翻车？不知道如何和异性开启一段有趣的聊天?不知道如何高情商的处理聊天回复?谈恋爱处cp，聊天很重要，来恋爱聊天话术库App内学习实战案例教学和情话套路，收获你的情感知识和聊天话术技巧。你想要的话术技巧，这里都能找到，让你迅速脱单。新版提供更多丰富版块：恋爱脱单话术、情感修复话术、婚姻家庭情感挽回话术，恋爱聊天话术库致力成为你身边的情感咨询平台【核心功能】*恋爱工具藏头情诗等感情升温必备恋爱工具，让有情调的你更讨异性喜欢。*恋爱话术库海量不同场景见面搭讪聊天话术拈手即来恋爱技巧,泡妞大法,教你如何谈恋爱，为您的恋爱情感保驾护航。*恋爱九步曲从搭讪计划、初建关系、风趣话题、走心话题、建立情感、约会流程、亲密接触到确定关系，恋爱聊天话术库为你的幸福而不懈努力。*实战案例教学数百期恋爱聊天实战案例帮你快速掌握聊天技巧，手把手教你追到心仪的TA，迅速脱单处CP。*女神计划更有女生撩男神话术，学会撒娇卖萌话术，随时俘获男神的心~悄悄跟你说，下载了恋爱聊天话术库App的用户有99.5%学会了怎么去哄女生开心，如何去追女生，提高情商聊天，如果你还没学会怎么去跟女生聊天沟通，不妨尝试下我们聊天话术。【连信我们】如果有好的意见和建议，欢迎在客户端内反馈意见给恋爱话术客服呀恋爱聊天话术库2022更新内容20w+恋爱话术，让你与ta沟通不再尴尬恋爱聊天实战案例帮你快速掌握聊天技巧更有藏头情诗等恋爱工具，把对她的爱写入诗里暂无大小：49.32M更新：2022-07-28版本：1.9.0格式：apk分类：社交网络要求：5.0以上
								开发者：
							
								隐私政策
							"
小C语音,com.yycm.by,社交网络,小C语音是一款社交软件,"小c语音最新版是专为用户语音聊天开黑开发的手机社交服务软件,可以帮助用户加入到各种有趣的群体,认识到很多有共同爱好的人,开心进行语音一起组队打游戏。暂无大小：148.80M更新：2022-07-25版本：2.9.2格式：apk分类：社交网络要求：5.1以上
								开发者：
							
								隐私政策
							"
万洲金业黄金投资软件,com.wzg.company,金融理财,专业的贵金属黄金交易平台,"万洲金业是一款专业的贵金属投资理财APP，集现货黄金白银开户投资、实时报价、行情资讯、MT4免费下载交易等功能于一身，专注为全球投资者提供全方位、多元化、高品质、一站式的贵金属投资交易服务。--资质保证--●香港金银业贸易场AA类141号行员●香港金银业贸易场标准金集团成员-------功能优势-------【超低成本】●0元开户，0佣金无手续费●单笔交易0.05手起，50美元可开仓交易●高额点差优惠，高达26美元/手【操作灵活】●支持T+0双向交易机制，买涨买跌都能赚●支持超短线交易，可一秒平仓，无异常交易限制●平台稳定无滑点，100%挂单自动执行，无需盯盘【安全保障】●先进加密技术，高级别安全体系对客户隐私加密保护●客户资金安全有保障，银行专户托管，快速出入金【公平交易】●每笔交易均提供交易编码●全球通用MT4平台，交易透明，无庄家操控●NDD交易模式，无处理后台、无人为干预，客户订单真正进入市场——品牌荣誉——●荣获2018年度财经排行榜“值得信赖黄金交易平台”大奖●获颁授香港名牌年度大奖中的“大中华最领先贵金属交易品牌”●荣获2020年金鸣奖“最具潜力APP”奖项——联系我们——公司网址：https://www.wzg.com客服热线（7*24小时）：(+852) 2388 9560客服邮箱：support@wzg.com1.修复已知bug2.优化部分性能大小：20.16M更新：2022-08-04版本：1.3.1格式：apk分类：金融理财要求：4.4以上
								隐私政策
							"
电建融信,com.zjyc.app.dianjian,金融理财,供应链金融服务平台的移动端版本,"中国电建供应链金融服务平台的移动端版本，现可在“电建融信”App中进行融信开具、转让、融资的全流程。暂无大小：20.99M更新：2022-07-20版本：2.0.0格式：apk分类：金融理财要求：4.4以上
								隐私政策
							"
检策帮,com.jianceb.app,网购支付,【检策帮】—— 检测改变生活,"检策帮，是服务检验检测行业的以数据驱动为特点的产业互联网平台。旨在通过专业化、信息技术、大数据的服务方式为检验检测机构提供一站式解决方案，促进检测机构和行业快速、高质量的发展。平台包括找检测、仪器耗材、实验室转让、招投标查询、标准查询、资质咨询、检测人才、检测头条等业务板块。----- 产品特色 -----【找检测】检策帮旗下检验检测垂直电商，致力于为检测机构打通多渠道销售链，为社会提供整套的线上检验检测服务体系，顺应社会发展趋势，实现远程服务、不见面服务，带动业绩增长，传递品牌价值。检测商城：为用户提供标准化定价服务，可按商品名称、检测项目、检测标准、检测机构搜索想要的检测服务，实现线上下单、委托、寄样、在线查看检测进度、下载电子检测报告等服务。检测机构：为机构搭建专属数字店铺，无限发布商品、多渠道曝光，行业需求，在线抢单，店铺访客、询单客户、成交客户分类标签化管理、及时在线沟通，全方位店铺数据管理，搭上短视频快车，边卖边播，快速提升交易。【仪器耗材】检策帮打造的专业化、信息化、集约化、智能化的检验检测仪器耗材商品采购交易平台，为采购方及供应商提供阳光便捷采购服务，降低交易成本。为用户提供品质价优的仪器设备、耗材配件、标准物质等商品，包括计量校准、二手设备租赁转让等贯通生产端全流程配套服务。【实验室并购】平台为客户提供制定并购战略、寻找战略投资者、设计交易方案、沟通协调谈判等全价值链的专业并购咨询服务，基于多维度数据，提前出具一个目标公司的投资分析报告，实现降低投资成本和风险的目标。用户可发布项目求购需求，寻找合适的投资标的；可发布要转让的实验室。【招投标查询】实现一站式检测行业招投标项目数据查询，同时支持个性定制，实时推送商机动态信息。【标准查询】提供全面、详细的标准数据和标准研究服务。对检测机构应用的标准提供查询、查新、预警功能，降低实验室质量管理风险。此外，还提供标准起草单位情报分析和标准深入研究服务。【资质咨询】通过大数据方式，为用户提供权威的资质认定相关的咨询报告服务，解决获证、扩项业务咨询难题。【检测人才】平台通过大数据挖掘行业尖端人才，提供高端人才寻访服务为机构发展提供人才支撑。【检测头条】为用户提供质量基础设施全领域实时的行业资讯、国家政策、新闻动态等信息内容服务，尤其通过数据挖掘等方式提供行业前沿性、原创性研究成果，输出更优质的内容，起到整个质量基础设施行业头条媒体的作用和价值。----- 联系方式 -----有任何意见或建议，可以通过以下方式联系到我们：联系电话：010-56291732微信公众号：检策帮检策帮PC端：顶部导航-客户服务-意见反馈或者页面右下角的悬浮按钮“反馈”检策帮移动端：我的-帮助中心-意见反馈1、直播关注提醒 激活商家直播间；2、店铺分类优化 商品筛选更方便；3、优化了一些已知问题。大小：29.08M更新：2022-08-13版本：1.0.4格式：apk分类：网购支付要求：7.1以上
								隐私政策
							"
时间悬浮框,cn.geekapp.timeview,便捷生活,悬浮秒表,"时间悬浮框-手机秒表、活动秒杀倒计时工具！1、多种自定义时间格式满足您不同需求2、自定义时间框背景色3、自定义显示字体大小4、自定义时间偏移量新增网络校时功能优化用户体验大小：10.01M更新：2022-07-19版本：1.32格式：apk分类：便捷生活要求：4.4以上
								隐私政策
							"
小炮体育,com.sina.lottery.sports,新闻资讯,专业足篮球赛事分析资讯平台,"小炮体育是一款体育赛事资讯平台，为您提供足球篮球等各级赛事的数据及资讯服务。【赛事即时比分】英超、西甲、意甲、德甲、法甲、日职联、K联赛、英冠、澳超、世界杯、欧冠、欧洲杯、亚洲杯、NBA等各级别足球篮球热门赛事应有尽有。比赛数据、赛程方便可查，即时比分实时可见。通过以往战绩及球队数据特征让您对球队了如指掌。【足篮赛事资讯】每日更新赛事热点资讯、比赛战报、赛事情报、球队动态等，多维度实时了解赛事前瞻情报。【专业数据分析】资深知名体彩专家、足彩篮彩达人入驻平台，给您带来多维度专业的全面赛事分析，助力您更好的理解比赛参与其中。1.修改了近期用户反馈的一些bug问题；2.优化了用户体验大小：19.12M更新：2022-08-12版本：1.0.1格式：apk分类：新闻资讯要求：6.0以上
								隐私政策
							"
私目,com.manba.simu,社交网络,私目，高质量交友app,"私目，高质量交友app 私目，是一个定位于高质量群体的交友app功能：喜欢ta即可互动被喜欢即增长粉丝相互喜欢即可解锁聊天动态照片墙功能应有尽有1：修改bug2：优化体验大小：122.49M更新：2022-07-15版本：5.0.1格式：apk分类：社交网络要求：5.0以上
								隐私政策
							"
东方证券章鱼互联,com.hexin.plat.android.DfzqOrientSecZhangYu,金融理财,章鱼互联东方证券炒股开户智能投资,"【东方证券章鱼互联全新上线】A+H股上市券商，20年行业口碑认证！东方证券章鱼互联APP是东方证券全新打造的一款智能化综合服务软件。在这里，您可以在稳定、安全的环境下进行证券开户和投资交易，体验大数据AI智能决策辅助工具，实时浏览海量资讯及稳定行情，足不出户在线办理业务，还能享受东证期货提供的期货开户服务。基础功能：【7*24H证券开户服务】7*24小时无休开户服务，快速开户，投资启航！【环球资讯 一触即达】一站总览环球资讯，投资决策，助您抢占先机！【实时行情 稳定可靠】拒绝延时，行情直连，实时掌控三大市场行情！【足不出户 业务办理】支持在线业务办理，足不出户，省时省力省心！【智能投资工具】解股神器、选股宝、主力持仓等智能投资工具！ 章鱼智投APP全新启航，根据业务发展，未来将逐步丰富期货投资、量化智能投资策略等重磅服务内容，为您打造一款多维市场融合式金融服务平台。东方证券为您升级服务，邀您体验投资非凡乐趣，悦享智慧投资之美。*市场有风险，投资需谨慎。升级新功能：【首页升级】首页全面优化升级 【登录优化】交易界面新增忘记密码功能【资讯版本升级】升级资讯源，栏目分类更清晰【隐私协议优化】隐私协议签署优化【期货行情丰富】国内期货市场：（主力合约、夜盘、中国金融期货交易所、上海国际能源交易中心、上海期货交易所、郑州商品交易所、大连商品交易所） ；外汇市场：（基本汇率、交叉汇率）大小：99.69M更新：2022-08-15版本：V1.2.0格式：apk分类：金融理财要求：5.0以上
								隐私政策
							"
隐藏拨号,com.mob.sms,系统工具,隐私拨号隐藏拨号,"隐藏拨号自动打电话软件，是一款针对隐私保护，电话销售业务需求的业员工使用，软件可导入号码群拨号，也可单独拨号，适合房产、保险、金融有各类有需求的用户，功能丰富，界面友好易操作，是您营销拨号的好助手！修复已知BUG运行更流畅解决闪退问题大小：30.59M更新：2022-07-14版本：3.0格式：apk分类：系统工具要求：8.0以上
								隐私政策
							"
牧集终端,com.mallee.mjzd,社交网络,覆盖行业主流冻品行业群体,"多媒体消息：支持发送视频、图片、文本和语音消息；群聊和通话：组建高达1000人的群聊；冻友圈：与好友分享每个精彩瞬间；询报单管理：支持报单从ERP进销存数据管理中一键导入，支持询报单集中管理；行情资讯：7*24小时追踪全球冻品行业动态、政策风向，资深行业分析师研报对行情高度专业解析；决策辅助：根据影响冻品行情走向的影响因子，所研发的因子计算器，更直观高效的为买入卖出提供决策辅助；进销存管理：数据录入，企业内部订单便捷管理，自动生成财务报表，订单、资金状况一览无余；话题交流：提供行业交流的场地，各抒己见，多维度探讨；行情直播：行业大V深度沟通行情、走势、政策等热门话题，掌握行情先机暂无大小：64.76M更新：2022-07-13版本：1.0.1格式：apk分类：社交网络要求：4.4以上
								隐私政策
							"
会员达,store.vip888,系统工具,会员仓储财务管理方便服务系统,"面向小型、个体零售及服务行业的应用型管理软件。1、多端数据共享；2、平台集会员管理、库存管理、统计分析、财务账单、营销预约等多种主要功能；3、应用内通过微信推送方式及时、准确的告知用户消费信息，让用户用、知、查一目了然，清晰明了；4、对商家营业数据进行各种维度的统计、分析，为商家精准营销，提高服务质量提供有效的数据依据；5、通过对行业现状分析，提供【工资单】独有功能，商家可对员工服务提成，销售提成进行个性化设置，及时准确统计员工的工资及明细清单，进一步提高商家的服务效率；暂无大小：21.77M更新：2022-07-13版本：2.9.7格式：apk分类：系统工具要求：8.0以上
								隐私政策
							"
统行征管家,com.dxd.m2m,系统工具,月享3000G流量，享受流量自由,"统行征管家app简介统行征管家是专为4G/5G移动通信设备打造的一款集快速实名认证、流量充值、设备管理、精品购物、流量查询、客服支持于一体的专用功能性软件，可以管理统行征及其他市场主流品牌的多款无线上网设备。修改点：我的订单修改显示时间字段大小：37.20M更新：2022-08-01版本：1.0.18格式：apk分类：系统工具要求：5.0以上
								隐私政策
							"
易盒,com.yiheba.app,网购支付,一款购物APP,"易盒APP是一款为盲盒爱好者开发的可以随时随地在线抽盲盒的APP。谁是真正的欧皇？用户线上抽盲盒，主要销售数码，手机，潮玩周边时尚品牌彩妆，智能家居等主流新潮实物商品。【潮流正品，每日上新】每日上新不停歇，上万款正版潮流单品任你来挑。所有产品经过官方严格检验，放心可靠。【线上开箱，快递到家】随时随地，在家也能享受开箱的乐趣~所有的商品快递到家!!满足数量即可享受包邮服务。更有海量羊毛商品等你来薅！在这里可以开出经典限量款，数码产品、潮流玩具、手办模型，超多炫酷潮玩等你来！潮玩商品每日更新，元气满满!【官方兑换，放肆玩】开出的商品自己不喜欢怕浪费钱，怎么办?别担心!不喜欢的商品一键兑换!再也不用担心抽到不喜欢的商品啦!欧皇就是你!超值活动快来参加!暂无大小：38.61M更新：2022-07-11版本：1.1.6格式：apk分类：网购支付要求：4.4以上
								隐私政策
							"
HALO剧本杀,com.gerzz.halo,社交网络,真人线上剧本杀,"「HALO剧本杀」全球华人，相“剧”于此。配备DM（剧本杀主持人）的真人角色扮演推理社交软件。专业线上DM+正版线下火爆剧本+全球华人玩家=高品质社交  【应用介绍】 线上剧本杀APP。海量的高质量剧本，24小时真人主持人即时开本，稳定的即时语音，为玩家带来优质便捷的体验！「HALO剧本杀」原汁原味地将线下剧本杀的体验和乐趣复刻至线上。每位DM都经过培训，专业、优质，24小时应对各种剧本类型，多样声线，演绎不同剧本人生，带你一秒沉浸。在「HALO剧本杀」还可以玩到正版线下剧本：《山之神》，《再也不见》，《风》，《不负》，《佛狸祠下》等，我们坚持做正版剧本，并不断更新剧本库，更多定制剧本即将上线！一键点开HALO剧本杀，在剧本中开启一段全新的人生体验。【应用特色】1、百家发行正版剧本授权，足不出户体验正版好本！2、24小时真人主持人在线带本，不必担心规则，不必担心流程，萌新也能秒变剧本杀高手。3、拥有专业声优配音演绎的音频剧本，感受“听本”乐趣。4、配图优美，生动搜证，带你进入沉浸式剧本体验。5、多人语音聊天，便捷在线私聊。遇见新朋友，从一句HALO开始！暂无大小：78.21M更新：2022-07-08版本：1.0.35格式：apk分类：社交网络要求：5.1以上
								隐私政策
							"
去狮城,com.gosingapore.jobhunter,系统工具,出国找工作求职招聘劳务派遣,"去狮城是一款新加坡劳务派遣工作招聘低收费高薪就业应用程序，“真实岗位无套路”，面向中国、新加坡、马来西亚、印度、越南等劳务市场，依托大数据、AI等前沿互联网科技，整合专业求职顾问团队，在雇主与求职者两端建立开放、透明、公平、高效的职业匹配，助力求职者快速入职，平台保障信息安全、岗位安全、资金安全。新加坡蓝领高薪好工作一网打尽，每天推荐海量精准职位，普工、销售、司机、厨师、服务员、收银员、操作工、华文老师、幼师、电工、木工、安装工、汽修、美容美发······，想做什么岗位去狮城都有；服务业、制造业、交通运输业、美业等，助力求职者闪电入职企业，斩获高薪，想选哪个行业就来去狮城，让求职者就业更简单，让招聘者寻找人才不再难；一款新加坡招聘找工作求职招人神器。【产品优势】50000+打工人的选择10000+新加坡高薪岗位合作70%新加坡雇主企业13年深耕新加坡劳务市场*岗位推荐——我们负责*简历投递——我们负责*护照资料——我们负责*签证流程——我们负责*接机入职——我们负责去狮城，海外就业负责到底【产品特点】[岗位推荐]• 算法智能匹配，推荐心仪岗位• 热门高薪岗位，每日快速浏览• 完善个人简历，匹配更加精准[自定义筛选]• 主动搜索工作，开启求职之旅• 可选择薪资范围、福利待遇、岗位类型进行搜索• 已选岗位锁定，方便一键搜索[申请岗位]• 海量高薪工作，线上直接投递• 编辑我的简历，及时申请工作• 个性化视频简历，提升投递成功率• 求职顾问实时沟通，方便快捷[常识普及]• 新加坡劳务知识普及• 线上了解求职流程• 新加坡政策环境资讯[投递反馈]• 跟踪求职状态• 掌握办理进度[求职顾问]• 专家助力，帮你优化简历• 面试技巧讲解，指导快速就业• 一对一沟通，推荐最适合的高薪好工作• 护照、签证、入境材料、合同办理，全程协助[售后服务]• 多家新加坡直营公司• 专车接机，全程陪同• 协助办理体检及入职手续• 帮助处理食宿事宜• 为客户备案issue文件，预约办理准证卡• 遇到工作纠纷，提供海外法律援助官方网站：www.gosingapore.com微信公众号：去狮城就业平台微信小程序：去狮城海外求职招聘高薪平台修复了部分bug大小：54.51M更新：2022-08-17版本：3.5.6格式：apk分类：系统工具要求：5.0以上
								隐私政策
							"
迪迪传输,com.diditransfer.tools,系统工具,快速传输文件方便生活,"迪迪传输是一款方便用户传输文件的软件。导入、导出、删除、存储文件资料。这款软件的实用性也非常强，用户可以根据需求进行文件传输。更新了隐私协议以及权限弹窗。辛苦再次审核。大小：18.39M更新：2022-07-07版本：1.6.6格式：apk分类：系统工具要求：4.0.3以上
								隐私政策
							"
白羊任务管理,com.managertask.phoenix,系统工具,体积小，快速分类手机文件,"【白羊任务管理】1.新的扫描算法速度更快，新的粉碎技术准确定位文件分区彻底删除。2.直观的应用管理：显示更直观,点击即可轻松安装应用程序3.快捷的粉碎技术：定位在文件分区,重复读写空白文件,彻底删除4.轻松的操作：支持文件多选,缩略图显示和多种排序模式更新了隐私协议，辛苦再次审核。大小：21.40M更新：2022-07-07版本：1.0.4.1格式：apk分类：系统工具要求：5.0以上
								隐私政策
							"
惠如愿,com.boc.igtb.ifapp,金融理财,中国银行普惠金融综合服务,"“惠如愿”是中国银行自主研发的旨在服务小微企业、个体工商户、广大创业者和涉农经营主体等客群的普惠金融综合服务APP。“惠如愿”借助大数据、云计算等技术为客户提供包括金融、资讯、商机等在内的综合化、数字化普惠金融服务，通过不断降低服务成本，延伸服务半径，推动普惠金融的可持续发展，切实提升服务实体经济能力。暂无大小：30.48M更新：2022-07-07版本：1.0.0格式：apk分类：金融理财要求：5.0以上
								隐私政策
							"
糖果空间,com.sheguo.tggy,社交网络,汇集高颜值优质单身群体,"糖果空间是一款精英同城交友、结伴游玩的APP，汇集到很多的优质单身群体，高颜值异性带给你砰砰心跳，各行业精英，才艺双全的人都在糖果空间! 让你快速找到附近的ta。我们的优点：【丰富的社区功能】发布生活动态，清晰直接高效【真实可靠的用户】通过严格的人工审核来确保用户真实可靠【实时距离与时间】优先给你推荐附近的优质用户，你可以看到对方的实时距离【完善的隐私保护】阅后即焚功能充分保障您的隐私【实时的客服服务】在线客服实时回答您的疑问修复已知bug大小：105.02M更新：2022-07-12版本：3.4.7格式：apk分类：社交网络要求：5.0以上
								开发者：
							
								隐私政策
							"
甜心世界,com.liudaoapp.liudao,社交网络,附近高颜值社交软件,"【双重认证】 既有超智能的AI面容认证，又有小编妹妹们细心的人工认证。努力为你创造真实的交友环境，要照片，不要照骗~ 【360°展示】 更全面地展示自己吧，秀秀更多视角的自己，晒晒别样的惊喜，再展示一下自己的特长，让你的360°都散发着魅力。 【趣味冒泡】 想冒个泡，但是不敢大方秀出自己；想被大家喜欢，害怕自己成为小透明。趣味冒泡，3秒展现即时真我，给ta一个一见钟情的机会。【组队活动】 投机的陌生人，隔着手机聊不够。想见你，想成为更好的朋友。发起组队吧！叫上三五好友，看电影、品品茶，拉进彼此距离。1.修复了一些已知的bug； 2.优化了App运行速度和稳定性。大小：49.22M更新：2022-08-15版本：1.7.2格式：apk分类：社交网络要求：4.4以上
								开发者：
							
								隐私政策
							"
越聊,com.shilv.yueliao,社交网络,陌生人音频视频聊天直播交友软件,"越聊，东南亚越南等国陌生人视频聊天交友软件。【越聊】找个喜欢的人，做点刺激的事！5000万用户的共同选择，总能认识和你志趣相投的人！【今日精选】有意思的朋友都在这里，惊喜开场聊不停，总有一款适合你！【短视频】优质短视频区，高颜聚集地，喜欢的右下角一键开启视频！【真实社交】头像照片通过严格认证，真人社交才有感觉。【发现附近】附近的人即刻搜索，开启你的陌生人视频社交体验之旅！【泛娱乐社区】千万优质真实用户常驻社区，结交新朋友，讨论共同好！下载越聊，好看的越南朋友都在这里暂无大小：113.64M更新：2022-07-20版本：2.0.4格式：apk分类：社交网络要求：5.0以上
								开发者：
							
								隐私政策
							"
恋恋小组件,com.charm.lovewidget,便捷生活,恋爱纪念日照片时钟桌面小组件精灵,"手机桌面DIY，自己动手设计，玩出不同花样！恋恋小组件是一款手机桌面主题美化App。为你提供丰富、个性化的桌面小组件（恋爱纪念日/高考倒计时/家人生日/爱豆照片墙//每日计划/桌面时钟/运动打卡等等小组件），每款组件设计都紧跟流行趋势，让您的桌面永不过时！『缤纷组件库』各色实用组件任君挑选：X-面板、仪表盘、照片、时钟、日历、天气、倒计时、纪念日、打卡、句子语录、便签、待办事项、每日心情、快捷工具等桌面小组件，满足您的日常需求，助您轻松美化桌面，让您的手机桌面与众不同！『个性化需求』- 不限个数，可放置多个不同功能、不同尺寸小组件，设计更自由；- 背景随心设，支持自定义导入图片，每天不重样，给足新鲜感；- 不拘泥设计，全透明小组件、动态太空人表盘、恋爱照片墙、炫酷X-面板等等，创造全新桌面；- 一键添加，免去繁琐操作，桌面美化轻松搞定；『创新层出』- 扫一扫、乘车码、付款码等常用功能捷径，桌面点击快捷启动；- 每日心情一点即换，让生活不再emo；- 每日计划、日常打卡、节日倒数日、便签小组件，一键直达；- 支持自定义编辑小组件名称，每个组件由您来定义。我们将定期推出更多精彩、有趣的桌面小插件，快来开启您的桌面美化之旅吧~如果您有任何意见或建议，欢迎随时联系我们：微信号：charmstudio2020官方微博：@茶沐工作室-产品功能完善及优化，使用更流畅，提升用户的体验；后续将会带来更多精彩桌面小组件，敬请期待~大小：83.60M更新：2022-08-18版本：1.0.5格式：apk分类：便捷生活要求：5.0以上
								隐私政策
							"
云淘,com.yt2022.yunt,网购支付,优惠券汇集各大商家优惠券,"优惠券汇集各大商家优惠券，只有你想不到的，没有你领不到的！ 天天省钱]每天实时推荐高性价比商品，各大电商促销消息及时更新告知，让您用更少的钱即可买到喜欢的宝贝。优惠券，帮您天天省钱！ 功能特点： 1、在线搜索—支持在线搜索，搜索你想要的。 2、实时排行 –实时疯抢排行榜TOP100，2小时更新精选超值优惠券，券后省钱高达50%。 3、9.9包邮 --每日精选百款超值商品，全场9.9元全国包邮，物美价廉。 4、今日上新-- 每天10点上新上万优惠券，将优惠进行到底。 5、精品分类-- 服装、美食、美妆、母婴等明确分类，购物轻松自如。暂无大小：98.20M更新：2022-07-01版本：1.0.4001格式：apk分类：网购支付要求：5.0以上
								隐私政策
							"
MUS,com.netease.ichat,社交网络,寻找灵魂契合的朋友，匹配同频的人,"MUS APP，帮助你通过音乐认识灵魂契合的好朋友。通过你的听歌数据解析你的性格和偏好，为你精准匹配同频共振的人。MUS=music=us，每个人都是一首歌MUS=music&us，音乐让我们相遇MUS=music+us，音乐因你我不同我们相信人亦如歌，大家终会遇见和自己同频合拍的人，这里不只有音乐懂你，遇到的人更懂你。产品特色：【更优质】高颜值、高学历、有音乐品味的年轻人都在这玩，总有一款让你喜欢。【更懂你】听歌大数据为你推荐同频共振的朋友，懂你喜欢的音乐，也懂你喜欢的人。【更契合】音乐性格解析，根据你的听歌习惯匹配与你灵魂共振的人。【更高效】互相喜欢即可配对聊天，双向奔赴拒绝骚扰；倒计时模式让聊天更高效。-----------------------------------------使用过程中，如有任何问题和意见，也可通过以下方式，与我们沟通！客服邮件：crush@service.netease.com暂无大小：43.59M版本：1.0.0格式：apk分类：社交网络要求：5.0以上
								隐私政策
							"
大劳务,com.dalaowu,便捷生活,工地找活，就来大劳务！,"【应用描述】大劳务app是由广东广大信息技术科技有限公司开发的软件，建筑行业劳务用工经验丰富的高新科技技术开发公司，凭借敏锐的市场前瞻性和魄力，全力打造大劳务互联网智能劳务用工平台！致力于用移动互联网的力量将建筑企业、项目部、施工班组与工人多方有效连接，提供全方位的劳务服务，构建一个高效、智能的建筑招工找活环境。【产品特色】	为建筑企业、建筑老板打造优质招工平台，寻找最匹配的建筑人才、建筑班组！	为班组长/工头提供建筑工地招工、工地记工、排班考勤管理的建筑劳务综合服务平台！	为建筑工人们提供工地找活、记工记账、全国工友圈等信息服务平台！	提供在线职业培训、技术培训，助您提升职业技能和素养，让您涨薪！	每天海量招工信息在线发布，海量工友在线找活，满足老板工人的在线招工找活需求，让建筑办工更高效、更智能、更便捷！【服务人群】普工、小工、力工、建筑工、瓦工、水电工、电焊工、安装工、装修工、架子工、钢筋工、杂工、抹灰工、施工员、资料员等多样工种的建筑工友，以及需要大量招工的建筑企业、建筑项目方、施工班组。【特色功能】【工地招工找活】智能信息匹配，高效快捷招工找活！【老板工地招工】严格信息审核，杜绝虚假招工信息！【劳务业务外包】专业外包资源，帮助企业提高效益！【在线培训课程】职业技能培训，轻松让您工资翻倍！更新版本1.0.6大小：38.02M更新：2022-08-19版本：1.0.8格式：apk分类：便捷生活要求：4.4W以上
								隐私政策
							"
仙遇交友,com.keyu.player,社交网络,海量俊男美女，开启你的仙遇！,"交友邂逅不同圈子的人，约会奔现就来仙遇，靠谱排行名列前茅。 海量俊男美女，为千万用户寻觅爱的波动,开启你的生命浪潮! 聊天交友约会只需轻轻一点，让相爱变得简单。 真情交友，热情奔放。想你所需，遇你所爱。 男神女神，可撩可得！ 约会牵手，快速奔现！仙遇是一款真人一对一交友软件，通过视频、语音、文字等方式交到亲密友人。 千万用户推崇的约会神器！ 仙遇--遇你所爱，真实可靠！修复了一些已知的问题大小：84.76M更新：2022-07-04版本：1.0.0102格式：apk分类：社交网络要求：5.0以上
								隐私政策
							"
靠近,com.zhenai.near,社交网络,在这里认真恋爱吧,"我猜，你也想靠近在「靠近」，谈场认真恋爱吧如果你因为事情忙或者圈子小，而找不到属于自己的心动信号，来「靠近」吧，每个渴望爱的人，都值得被认真对待。我们每天将为你推荐适合你的异性，也鼓励对方向你发出真诚的自我介绍，所有美好的故事，都从「靠近」开始吧。【产品特点】认真对待：让每个用户都认真对待、认真恋爱真诚介绍：鼓励对方向你发出真诚的自我介绍真人认证：实名真人认证，让缘分更放心立体资料：更立体、更全面地了解对方1.0.2版本上线，对注册流程进行了简化，让你的操作更加便捷大小：30.16M更新：2022-07-22版本：1.0.2格式：apk分类：社交网络要求：5.0以上
								隐私政策
							"
短信来电闪光,com.qiaoxi18.dxldsg,系统工具,LED特效闪光来电装饰,"LED特效闪光来电装饰短信来电闪光是一款消息通知增强工具。在消息日益膨胀的今天，人们往往被太多的无用消息所干扰，却往往错过了重要的消息。短信来电闪光能够很好地帮助用户有效过滤无用消息，并通过闪光灯来增强重要消息的通知，帮助用户不轻易错过任何重要消息。短信来电闪光让Android手机也有个性闪光！当有来电或短信时，闪光灯及时闪光提醒，在黑暗处也可以轻易发现。还有微信、QQ等通知闪光提醒功能，特别适合在环境嘈杂、光线黑暗的地方(例如KTV场合)使用，让您不错过任何一个重要的电话或信息。软件功能包含：来电闪光灯、屏幕闪光、去电闪光、微信QQ闪光、短信闪光。闪光提醒：重要通知闪光提醒，让您的手机更个性！屏幕闪光：炫酷LED灯带，多种款式可供选择！来电闪光：来电、去电闪光提醒，随心设置！短信闪光：短信通知开启闪光，回复信息更及时！万能闪光：手机安装软件均可设置闪光提醒！LED特效闪光来电装饰短信来电闪光是一款消息通知增强工具。大小：23.66M更新：2022-07-27版本：4.6.2格式：apk分类：系统工具要求：5.0以上
								隐私政策
							"
球聚体育,com.qiuju.app,影音播放,专业赛事解说，尽在球聚体育,"【球聚简介】球聚体育是一款涵盖足球、篮球、网球等体育赛事资讯和体育直播视频平台，涵盖体育赛事，包括英超、西甲、德甲、意甲、法甲、中超、欧洲杯、NBA、CBA等各大体育联赛。作为体育资讯服务平台，致力于为广大体育迷提供快速、稳定的即时比分及直播服务；专业、全面的数据分析和赛事推荐；真实、及时的赛事资讯和比赛情报；详尽、完善的赛事、球队、球员数据资料。【赛事直播】一个人看球赛，看的是寂寞。球聚直播平台拥有数百位风格各异的专业体育主播，还有幽默的妹子，方言解说等特色主播为您实时解说体育赛事，专业分析，精彩讲解。还有百万球友陪你一起与主播互动聊天，酷炫礼物不停，互动弹幕不断，是目前超好用的专业体育直播平台。   平台还有不定期举办各类活动，还有签名球衣，限量球鞋，比赛门票，以抽奖的形式相送，只要每日签到打卡直播间，就有机会参与。【球聚有料】平台还特邀专业大咖入驻，每日发布独家点评，全方位解读足球、篮球热点赛事，从专业的角度分析预测赛事走向，陪你提前畅享体坛赛事盛宴。【比分追踪】  覆盖英超、西甲、德甲、意甲、法甲、欧冠、欧洲杯、中超、NBA、CBA等联赛，实时追踪比分，提供球队阵容、球员价值、对阵胜率等专业数据。 【实时资讯】 收罗全球体育资讯，高品质原创内容和精选文章，实时数据解读。原汁原味的球星生活动态，足球热点事件追踪。暂无大小：40.74M更新：2022-06-24版本：1.0.0格式：apk分类：影音播放要求：6.0以上
								隐私政策
							"
易测,com.a169kai.tiansui,便捷生活,古有易学 遇事不决,"一款内容全面、简洁易用的心理状态测试及国学文化软件。帮助您更加了解自己，了解您未来每一天、每个月等短中长期的身心状态和变化走向。增加新功能强化用户体验大小：64.03M更新：2022-07-04版本：2.1.12格式：apk分类：便捷生活要求：5.0以上
								隐私政策
							"
水星艺术,com.cdyx.mercury,网购支付,数字化创作和应用综合型服务平台,"“水星艺术”平台是基于国家信息中心发起的BSN-DDC区块链技术建设，旨在打造新一代跨行业、跨内容的数字化创作和应用领域的综合型服务平台。业务涵盖版权引进、IP孵化、人才培养、线上演唱会、云剧场、数字艺术创作、行业营销和大数据应用等方面，平台积极响应国家号召，为推动传统文化和艺术品市场发展贡献力量。同时平台将积极探索数字经济与实体经济的连接应用与双向赋能，致力于为实体与线下行业搭建共创共赢的桥梁。暂无大小：14.10M更新：2022-06-22版本：1.0.0格式：apk分类：网购支付要求：5.0以上
								隐私政策
							"
聊聘,io.liaopin.NI2DD730B,系统工具,聊聘，免费直聊直聘平台,"大型免费直聊直聘平台，立足东莞，面向粤港澳大湾区，提供直聊、视频面试等功能，助您更快找到工作、更快招到人才。暂无大小：63.75M更新：2022-06-21版本：1.0.1格式：apk分类：系统工具要求：4.4以上
								隐私政策
							"
焦点商城,com.sclingjing.focuscampus,网购支付,焦点商城，一个校园服务商城,"焦点商城，一个校园服务商城，商城包含商品展示、会员系统、商品下单、微信支付；应用于各大高校，提供全方位服务；升级短信验证规范大小：23.17M更新：2022-07-14版本：1.8.3格式：apk分类：网购支付要求：4.4以上
								隐私政策
							"
空气能设备管理云平台,uni.UNI3D0167B,便捷生活,空气能设备管理管理空气能设备,"将空气中的低温热能通过压缩机转化为高温热能，以相同的热水制造量为基准，和电热器热水器相比，节约电能，使用成本只有电热水器的1/4，而和传统的燃气热水器比，不用耗用任何的煤气燃料，使用成本只是燃气热水器的1/3。 便捷成为了空气能热水器的第二大亮点 空气能热水器通过介质换热，避免了电加热元件和水直接接触，这样一来就解决了电热热水器存在的漏电隐患 空气能热水器利用电能压缩空气制造热能，不排放废气和有毒气体，不仅安全，更营造了一个无污染的沐浴环境暂无大小：11.88M更新：2022-06-21版本：1.0.4格式：apk分类：便捷生活要求：4.4以上
								隐私政策
							"
KK交友,com.melot.social,社交网络,男女脱单APP,"KK是一款附近同城的聊天交友app，你可以通过文字、图片、即时语音等多种形式与“Ta”互动。KK拥有智能算法推荐、真人认证系统、情侣场景模拟、语音视频等，让恋爱脱单、同城约会更高效，让社交更简单。暂无大小：102.40M更新：2022-06-20版本：1.1.3格式：apk分类：社交网络要求：4.4以上
								隐私政策
							"
慧眼天下,com.bau.app,网购支付,一款自营商品购买的的APP,"源头直供，好便宜!慧眼天下一款购物App，旨在为消费者带来低价优质的源头好货。同时，官方为消费者保障权益，带来坏单包赔、极速退款、晚发赔付等服务，为消费者提供买得实惠、用得放心、过得体面的购物体验。【特别低价|源头直供好货)认准”品牌正品“，官方甄选，正品保障认准”产地直供“，坏单包赔，新鲜保障认准”源厂优选，爆款直销，品质保障破损包赔:收到洗护产品破损漏液，承诺及时处理，若承诺未履约则赔付红包极速退款:付款后24小时内未发货申请退款极速到账。暂无大小：23.53M更新：2022-06-20版本：1.1.2格式：apk分类：网购支付要求：5.0以上
								隐私政策
							"
Authenticate CN,secureauth.android.token.cn,系统工具,为安卓用户提供多因素身份验证,"SecureAuth Authenticate是一个现代的移动应用程序，可以用于验证你的身份，这样你就可以安全地访问你的应用程序。SecureAuth认证支持对个人、工作或学校应用程序和帐户进行多因素认证(MFA)。身份验证器生成6位数字一次性密码/令牌(OTP码)，通常用于双因素身份验证(2FA)流。SecureAuth个人使用的认证：安全您的个人帐户从帐户接管与2步验证。SecureAuth认证可以让您保护您的个人Gmail, Outlook, LinkedIn, Dropbox，和数以千计的其他云应用程序。个人特点:•支持多账号•快速二维码设置•离线工作，无需Wi-Fi或数据连接•可以安装到任何基于Wear操作系统的设备。SecureAuth业务使用的认证：在企业部署中，SecureAuth Authenticate与SecureAuth IDaaS配对时，可以提供额外的强身份验证优势。该应用程序旨在为云/SaaS和on-prem应用单点登录(SSO)场景提供自适应和无密码认证。关键业务功能:•推送通知-提示批准/拒绝需要MFA的登录•符号接受-要求用户匹配特定符号的高安全性提示•解锁检测—禁用手机锁定保护时的安全保护•反克隆-当手机操作系统克隆到另一个手机时的安全保护•PIN保护-提示输入PIN显示OTP代码•离线模式-为受mfa保护的Windows或MacOS登录生成OTP代码•二维码或激活链接注册-方便的方式配置应用程序开始使用：在你想保护的应用程序中遵循2FA或MFA设置步骤。一旦您扫描二维码或输入设置码，您的账户将被设置为2FA。访问https://www.secureauth.com/secureauth-authenticate开始。修复了一些bug。大小：33.16M更新：2022-06-15版本：1.0.5格式：apk分类：系统工具要求：7.0以上
								隐私政策
							"
同城重机,com.xingytech.tczjxf,便捷生活,城、镇、县机械租赁系统,"“同城重机”是机械租赁平台承租方（求租方、甲方、标方、雇主）使用的一套系统，配合“同城重机主（机械方）”搭建一个即时安全可信的机械出租承租平台。机械种类囊括路面机械、土方机械、起重机械、压实机械、桩工机械、隧道桥梁机械、农业机械等等，具体到车型包括挖掘机、装载机、吊车、高空作业车、压路机、叉车、推土机、自卸车、泵车、洒水车、耕整机、收获机等等，有效的提高了城、镇、县、村内机械租赁效率；大数据整合匹配优质、闲置资源；合理化本地的租赁费用修改已知的问题大小：97.86M更新：2022-06-15版本：5.3.2格式：apk分类：便捷生活要求：5.0以上
								隐私政策
							"
换换二手平台,com.hhyp.tradingplatform,网购支付,闲置交易平台，买得放心卖得省心,"二手闲置买卖，就用换换二手平台！买卖二手手机电脑3C数码官方专业验机，让你买得放心卖得省心！在自由市场发布个人闲置宝贝，可享受0佣金0风险的平台担保交易！【手机回收】==0元快递包邮、2小时上门、18项数据清除、24小时打款，高价回收信得过！==精准估价：全程公开扣减，够真实！高价回收：全网高价回收，敢比价！上门包邮：顺丰京东上门，太便捷！快速收款：质检完即付款，秒到账！安全承诺：18项隐私清除，更放心！【换换优选】==7天无理由退货，70道质检工序，6大模块，266项质检，真机实拍看得见！==官方验机：严格品控质检，超专业！底价直购：全网底价购机，真实惠！平台包邮：购机免费包邮，好省心！无忧退换：支持7天退换，无理由！【自由市场】剁手党&宝妈福音，随时随地海淘回血！闲置二手交易卖旧换新节省空间的同时还能有笔大收入！【时刻倾听】官方网址：http://www.hhesjypt.com官方电话：400-990-23001.修复已知问题2.提升用户体验大小：83.40M更新：2022-07-15版本：1.0.2格式：apk分类：网购支付要求：4.4以上
								隐私政策
							"
暖暖房屋,com.nuan,便捷生活,0中介费租房买房更省钱,"直租0中介费，只做个人房东直租房源，让租房更简便！更省钱！直连房东租房更安心！买房直连业主，直接和业主谈，高效透明又省钱！【0中介费】房东直租、业主直卖0中介费！暖暖房屋APP是一款买卖二手房、新房、房东直租便捷软件,我们致力于降低居住交易成本，为用户提供更好的在线交易服务体验：房东直租0中介费！业主直卖0中介费！二手房中介服务按需购买；租房买房新模式、新平台，买房找房租房软件，让房产交易更简单！产品亮点·智能匹配：大数据自动匹配交易对象，更快租、售·便捷操作：一键式发布，一键租售，方便快捷不复杂·直连直买：业主与买家在线沟通，自主交易高效透明·房东直租：三重核验房源，真实直租0中介费·菜单式服务：经纪人服务按需购买，交易佣金低至600元·服务监督保障：买家服务反馈评分体系，经纪人服务有保障产品功能·地图找房：区域板块，地铁线路一目了然，租房、二手房、新房更快捷·业主发布：自主卖房、房源管理、经纪人委托，0 费用·在线沟通：交易双方自在沟通，价格等房源信息更透明·通勤找房：租客可根据自己设置通勤距离筛选好房·随心租房：房东/租客双向随心匹配，轻松找到“心仪租客”和“靠谱室友”·抢单功能：经纪人可通过抢单功能获得交易服务需求订单，天天抢单随时赚钱！打字很累，更多功能请下载了解我们吧！1：修复了已知bug2：完善了抢单页面功能大小：127.33M更新：2022-08-19版本：6.4.200格式：apk分类：便捷生活要求：7.0以上
								隐私政策
							"
青梨,ink.qingli.qinglireader,图书阅读,青梨，让故事梨你更近,"青梨轻番剧是一款全新的女性向创作平台，番剧的形式更适应Z时代轻阅读的习惯，我们拥有海量原耽小说，精彩纯爱故事，颇高用户粘性，是友好和谐的新型创作基地。内容题材丰富，包括架空、都市、青春、校园、古代、穿越、田园等。虐爽同在，甜宠齐飞，登录青梨，开启一段清爽阅读之旅。修正了部分SDK请求用户隐私过于频繁的问题。优化了加载速度。大小：22.29M更新：2022-07-23版本：1.0.3格式：apk分类：图书阅读要求：5.0以上
								隐私政策
							"
速闻,uni.UNID0995B4,新闻资讯,用速度还原真相,"速闻ISeedNews内容涵盖内蒙古热点资讯、内蒙古盟市新闻、内蒙古社会新闻、内蒙古财经热点、内蒙古法制新闻、内蒙古民生服务、内蒙古房产新闻、内蒙古教育资讯。速闻ISpeedNews资讯，可随时随地分享到微博、微信、朋友圈、QQ空间等社交平台。优化分享功能，提升用户体验。大小：45.55M更新：2022-07-30版本：3.0.0格式：apk分类：新闻资讯要求：4.4以上
								隐私政策
							"
瑞达法硕,com.cdel.ruidalawmaster,学习办公,法硕考研在线,"北京瑞达成泰教育科技有限公司，是以从事国家法律职业资格考试、法律硕士研究生培训为主的教育机构，旗下有两大考试项目：瑞达法考、瑞达法硕，简称瑞达。瑞达以“面授网授兼施，教学服务并重，打造教师优势，成就考生梦想”为公司发展方向与宗旨，秉持“度人度己，至善至诚”的企业理念，用精准的内容，精彩的讲授、专业的图书、中的的辅导、优质的服务为参加培训的考生搭建通往法考、法硕彼岸的桥梁。瑞达决定沿用这种创新的教育模式开拓新的教育培训新景象，让每一位学员均能受益，无论你是通过使用我们的教材自学、或者通过网络在线学习、还是通过传统线下面授集训，学员为通过考试而选择了瑞达，瑞达就要提供适合各类学员学习的培训模式，最终目标就是要通过法律资格考试或者法硕考试。瑞达虽创业的时间不长，但是从始至终，每一位瑞达员工都秉承着一个坚定的信念：学员至上，耐心倾听每一个学员的诉求，用心提供每一个学员的服务，诚挚帮助每一个学员的进步，见微知著，我们深知只有我们通过做好的每一个细节，才能成就每一位学员的梦想。【免费课堂 资源共享】瑞达法硕免费课堂是为广大法律硕士考研学子开设的新型共享学习资源的平台，我们将开放所有关于考试的授课视频，让学员免费实现资源共享和在线学习，并广泛再各大平台传播，让每一位学员通过更多的学习途径受益。【配套教材 专业精致】瑞达法硕邀请众多名校的法学类高校名师，编撰法律硕士考试配套的相关教材，从系统详细的精讲、真金题、到考点精粹等系列，为考生合理规划学习节奏，配置对应阶段要采用的学习教材，让考生通过知识的传播，感受到我们的专业和真诚【学习中心 至善至诚】瑞达法硕学习中心是为以学员学习的效果、结果、体验为导向，从而开设答疑、学习记录、资料下载、学习计划、音视频缓存等，为学员学习形成一套完整的学习场景，让考生学习起来更加轻松，提高学习效率新增答疑功能，专业老师急速解答~大小：39.91M更新：2022-07-02版本：1.1.6格式：apk分类：学习办公要求：4.2以上
								隐私政策
							"
附近寻爱,com.huanyou.fjxasn,社交网络,附近寻爱，邀你一起寻找真爱,"你还单身吗？你还单身呀！？附近寻爱，邀你一起寻找真爱。附近寻爱是汇集同城单身男女在线聊天、交友、约会、恋爱的社交app。如果你因为工作忙圈子小，而找不到属于自己的心动信号，那么就来附近寻爱吧。在这里，你可以和陌生人恋爱聊天交友、匹配恋爱约会，默默聆听； 24小时随时随地约会交友聊天。暂无大小：26.19M更新：2022-06-20版本：5.0.0格式：apk分类：社交网络要求：5.0以上
								开发者：
							
								隐私政策
							"
PPT模板家,com.bytezx.ppthome,便捷生活,找模板，有捷径,"身体质量指数，是BMI（Body Mass Index ）指数，简称体质指数，是国际上常用的衡量人体胖瘦程度以及是否健康的一个标准。BMI正常值在20至25之间，超过25为超重，30以上则属肥胖。下载模板更直观，可保存至本地或将文件通过QQ等发送至电脑大小：22.01M更新：2022-06-10版本：1.1.5格式：apk分类：便捷生活要求：5.1以上
								隐私政策
							"
海星,com.mhaixing.hx,金融理财,一站式基金投资财富管理平台,"【限时活动】1、注册领万元体验金福利，收益可提现哦～2、猜大盘涨跌，百元话费视频会员免费领！【产品特色】1、产品丰富，满足多种需求；2、活动不断，积分福利多多；3、合规稳健，专业安全放心；【关于我们】重庆海星科技有限公司，是一家专注于互联网科技服务应用型企业。旗下【海星】App，是公司研发的一款提供财经资讯综合信息的手机App。v2.2.71.修复已知BUG；2.优化用户体验。大小：59.86M更新：2022-06-07版本：2.2.70格式：apk分类：金融理财要求：6.0以上
								隐私政策
							"
医脉同道,com.careerinternational.yimaitongdao,便捷生活,领先的大健康招聘平台,"医脉简介：医脉同道，领先的医药垂直招聘平台，依托科锐国际25年医药行业人力资源深度服务经验，通过精准的人才模型扫描与标签细分，应用“在线沟通”+“私域流量”模式，打磨真正适合医药人和医药招聘者的产品。价值主张：助力医药人拿到更高质量的Offer；助力医药企业更快找到合适人才。服务人群：医药大健康行业招聘者和求职者。医脉同道六大领先优势：1.规模领先（12000+药/械企，242w+人次医药人才）全国624w医药求职者中，每年有242w+人次求职者登录医脉同道；12000+医药招聘企业在线招人，每年在线发布职位20000+。2.专业领先（25年大健康基因，人才权威指南发布）根植科锐国际25年大健康人力资源服务基因，总结医疗招聘方法论；连续9年权威发布人才市场洞察及薪酬白皮书。3.数据领先（深度顾问服务，全链数据追踪）每年百万量级1V1深度顾问式服务；从招聘到入职，全链数据追踪，AI应用。4.模式领先（在线沟通，全媒体矩阵）药企/求职者免费在线沟通，1500+全国医药社群交流；全媒体矩阵平台职位曝光，360度触达医药求职者。5.服务领先（1V1深度顾问服务，500+猎头团队护航）1v1专属顾问服务，24小时实时在线服务；500+医药猎头团队，护航线上线下招聘效果。6.用户思维领先（以沉浸式态度，敬畏用户体验/产品价值）医脉同道自成立之日起，就制定了一个【用户回访计划】，每周不论一线员工还是CEO，都以平台客服的身份，跟用户电话沟通或现场拜访，询问他们对平台的使用建议。近一年来共收到了1348条反馈，沉淀出542条用于改进平台产品和用户服务。步履不停，医脉同道感谢您一路同行！“领先的大健康招聘平台”医脉同道首次更新本次更新内容如下：【职位分享海报】- 自定义精美职位海报由你做主，助力分享职位，提升招聘效率；【常用/招呼语】- 高效沟通，快速拉近与候选人的距离，提升沟通效率；【同事邀请】- 一键邀请同事注册，避免繁琐认证流程，快速加入招聘；【意见反馈】- 提供意见反馈入口，快速解决问题，你的满意是我们前进的动力；【基础体验】- 修复了一些基础问题，优化使用体验。大小：30.65M更新：2022-06-24版本：1.1.0格式：apk分类：便捷生活要求：5.0以上
								隐私政策
							"
物鱼奢品圈,com.seeease.wuyuapp,学习办公,物鱼是一款奢侈品腕表同行交易平台,"物鱼是一款专注于奢侈品腕表同行交易平台。严格把关筛选高信誉商家，解决商品交易安全问题；与国内外实力表商合作，提供海量腕表货源，畅享超多捡漏商品。物鱼同时推出积分换购鉴定、维修保养等服务。已提交ICP备案信息和增值电信业务许可大小：14.87M更新：2022-06-06版本：1.0.2格式：apk分类：学习办公要求：5.0以上
								隐私政策
							"
神州智慧社区,com.zhszzhsh.zhsq,便捷生活,报事报修、房屋出租、问卷调查,"报事报修、房屋出租、问卷调查、物业公告、服务电话、物业缴费、紧急求助、投诉表扬、一码通行、智能看护、手机开门、居家安防 、智慧停车、访客邀请、可视对讲、公区监控、环境监测、智能呼梯、邻里互动、小区管家、家人守护、社区商城、云上课堂、邻里公约、周边指南、智慧家居暂无大小：146.86M更新：2022-06-02版本：1.0.0格式：apk分类：便捷生活要求：4.4以上
								隐私政策
							"
神州智慧物业,com.zhszzhsh.szznwy,便捷生活,智慧社区物联网平台及物业管理平台,"神州智慧物业系统提供智慧社区物联网平台及物业管理平台，让物业管理实现智慧化，面向业主提供 App、小程序、公众号等多端服务，快速可靠的对接大量不同品牌的新旧硬件，实现设备的统一管理，极大提升业主的场景体验感受，包含服务工单、管家服务、物品借用、电子钥匙、人脸通行、访客管理、实时监控、事件中心、图片巡更、视频巡更、设备运行监测等功能。暂无大小：96.45M更新：2022-06-02版本：1.0.0格式：apk分类：便捷生活要求：4.4以上
								隐私政策
							"
同城重机主,com.xingytech.tczj,便捷生活,城、镇、县机械租赁系统,"“同城重机主”是机械租赁系统机械主（个人或公司）使用的一套系统，配合“同城重机（承租方、求租方、甲方、标方、雇主）”搭建一个即时安全可信的机械出租承租系统。机械种类囊括路面机械、土方机械、起重机械、压实机械、桩工机械、隧道桥梁机械、农业机械等等，具体到车型包括挖掘机、装载机、吊车、高空作业车、压路机、叉车、推土机、自卸车、泵车、洒水车、耕整机、收获机等等，有效的提高了城、镇、县、村内机械租赁效率；大数据整合匹配优质、闲置资源；合理化本地的租赁费用修改已知的问题大小：98.10M更新：2022-06-10版本：5.3.2格式：apk分类：便捷生活要求：5.0以上
								隐私政策
							"
慧眼查车,io.hy.UNI6FE31C1,便捷生活,"违章缴费,一站式车主服务","慧眼查车，是一款车主服务软件，为车主提供实时的车辆违章信息查询，并支持异地查询违章，违章数据更新快，让您查询违章更快更准。还提供高价卖车服务，卖车零顾虑。暂无大小：24.80M更新：2022-06-01版本：1.0.1格式：apk分类：便捷生活要求：4.4以上
								隐私政策
							"
消费帮扶,com.xfbf.syigou_client,网购支付,消费助农、定点帮扶、东西协作,"消费帮扶（APP）是一个响应国家消费帮扶号召，坚持“政府引导、社会参与、市场运作、互利共赢”为导向，以“互联网+新零售+新流通”为运营的综合性APP。为客户提供商品购买、扶贫专柜、专馆、专区、地方馆、企业采购、在线支付、物流跟踪、帮扶数据、个人中心等全流程一站式服务，打造优质的消费帮扶电商网站。【联系方式】1.客服电话：40001910172.消费帮扶官网：https://xfbfu.com/消费帮扶1.1.0版本全新上线，欢迎体验大小：30.26M更新：2022-06-22版本：1.1.0格式：apk分类：网购支付要求：5.0以上
								隐私政策
							"
文加,com.baijiayun.wenjiajiaoyu,学习办公,"考研外语职教,成人个性化学习平台","文加是专业的成人个性化学习平台，提供多种多样的学习内容，包括考研、外语及职业教育等。课程有直播和录播等多种方式，采用名师加个性化的辅导体系，能够满足不同人的学习需求。同时配备学习题库，丰富的备考资讯，让学习效率更高。暂无大小：114.27M更新：2022-06-01版本：1.2.5格式：apk分类：学习办公要求：5.0以上
								隐私政策
							"
云供油,com.ghoil.supply,学习办公,一键下单全国智能配送，省钱又便捷,"云供油，作为行业领先的互联网+能源企业，依托光汇石油集团公司30年石油全产业链优势，以移动互联网和数据智能科技，整合油气供应服务资源，打造的国内首家一站式智能油品采购服务平台。专注为加油站、企业、工厂、运输车队等提供低价购油、一键下单、快捷智能配送的服务支持，让客户省心省钱购好油：【大牌油品有保障】依托自身油气资源和行业供应链，打造大牌油品专卖场，合作四桶油，专业供好油。【全国配送当天达】与5000+承运商紧密合作，配送范围覆盖全国，下单当天就近网点提货，专业油品运输车队全国送货上门。【询价比价全透明】线上智能询价比价，实时油价一目了然，智能匹配货源，透明化低价购油轻松掌握。【免费仓储更省心】提供全国专业仓储存油服务，最高可达90天免费储存。【下单开票智能化】一键下单，线上多渠道支付，快捷省心。如果您需要帮助，可以通过以下方式联系我们专属咨询电话：0755-84366427官方微信：云供油（微信号：yungongyou）官网：https://www.ghoil.net/1. 云供油拼团功能上线；2. 开启油品集采新模式。大小：31.08M更新：2022-08-19版本：3.1.0格式：apk分类：学习办公要求：4.4以上
								隐私政策
							"
拉卡拉,com.lakala.shqb,系统工具,为商户量身打造的店铺经营工具,"拉卡拉APP是一款为中小微商户量身打造的专业店铺经营工具：【拉卡拉钱包】满足各类商户对资金处置的需要，安全高效的解决商户资金流；【收款播报】不错过任何一笔交易；【收款工具管理】满足多场景下收款工具的快捷管理；同时还有店员管理、生意账单、分析报表、营销活动等多种功能，帮助商户高效实现管账、管店、管人。全面更新大小：58.61M更新：2022-06-01版本：1.0.0格式：apk分类：系统工具要求：5.0以上
								隐私政策
							"
青木条形码生成器,com.cb.qmtxm,学习办公,好用的条形码生成器,"青木条形码生成器：想要生成 Code-39、Code-128、EAN-8、EAN-13、ITF、UPC-A、Codabar 条码？想要一个条形码生成器，您可以用自己的风格制作条形码以吸引更多的条形码扫描仪？想要一个可以轻松管理生成记录的条码生成器吗？想要一个条码生成器，你也可以扫描条码您可以轻松生成 Code-39、Code-128、EAN-8、EAN-13、ITF、UPC-A、Codabar 等条码条码生成器和条码生成器提供了自定义条码的可访问性条码更改条码颜色并添加文本。使用精心设计的 条码 模板，您可以非常快速轻松地生成 条码1:使用漂亮的模板创建条码2：扫描条码并进行装饰，扫描别的条形码进行装饰后生成新的条形码暂无大小：19.44M更新：2022-06-01版本：1.01.38.0509格式：apk分类：学习办公要求：6.0以上
								隐私政策
							"
金色天柱,cn.gzmovement.tianzhu,新闻资讯,天柱县官方新闻客户端,"“金色天柱”新闻客户端是天柱县官方新闻客户端，实现了“融媒体中心”与“新时代文明实践中心”两心融合，为我县群众带来权威、及时的本土新闻与生活服务资讯。【首页】国内外、省内外、本土新闻全掌握【文明实践】人文天柱、志愿黔行【服务】带来全新的服务使用体验【个人中心】个性化配置，应有尽有1、新增直播功能2、新增消息通知功能3、新增个人信息编辑功能大小：48.34M更新：2022-07-30版本：2022.07.29(332)格式：apk分类：新闻资讯要求：5.0以上
								隐私政策
							"
番茄免费阅读,cn.fox9.fqmfyd,图书阅读,真正免费读小说 完美阅读好体验,"番茄免费小说多，免费看书不嫌多；爽文小说免费看，各种奖励天天赚。1、 海量小说，完本小说、网络小说实时连载。2、 免费小说阅读器，这里全本小说免费畅读。3、 网络原创、现代都市，东方玄幻，武侠仙侠，游戏竞技，现代言情、古代言情、悬疑灵异、历史军事、权威小说榜单，感受不花钱看好书的快感。4、 今日必读、主编力荐、万人追更、全网爽文、高分佳作、完本书单、完本书单私人订制，热度排行已更新，免费小说5万本好书在线等你。修复部分已知问题，优化用户体验大小：56.93M更新：2022-06-22版本：1.2.6格式：apk分类：图书阅读要求：6.0以上
								隐私政策
							"
小二帮,com.xiaoerbang.app,网购支付,小二帮是一款最新的省钱app,"小二帮是一款最新的省钱app ——海量优惠券每日更新。 你不知道网购省钱内幕都在这里。真正做到实惠、优惠，不花冤枉钱！ ——适用于学生党、上班族、宝妈登自由职业人。 【产品特色】 1、注册轻松： 无需繁琐操作，轻松下载注册。 2、省钱容易： 口令复制自动打开，精准找到您需要的商品！ 领券佣金一把抓，享受到真正的省钱实惠！ 3、赚钱简单： 平台好货一键分享，收益实时入账！ 利用碎片时间，赚钱其实很简单！ 4、服务专属： 平台上各种爆款推荐、营销素材、吸粉攻略等等应有尽有，助您更好享受权益修复已知bug大小：39.84M更新：2022-05-30版本：1.0.42格式：apk分类：网购支付要求：5.0以上
								隐私政策
							"
263云视M版,com.net263.mettingex,学习办公,一款在线视频会议APP,"263云视M版是一款在线视频会议APP，界面简洁，画面清晰，会议流畅；具有丰富的远程协作功能，无需登录实现一键入会，让您随时随地参会，主要功能包括预约会议、视频语音、会议录制、屏幕共享等操作。暂无大小：118.19M更新：2022-05-30版本：1.0.0格式：apk分类：学习办公要求：5.0以上
								隐私政策
							"
福鲤趣看,com.rlkj.flqk,便捷生活,太好玩了吧,"手机赚钱实时到账App，一单一提 不卡余额。【新人福利多多】新人5天赚10元福利，奖励实时到账【刷视频领红包】精选快手短视频，畅快看点有趣头条抖音短视频，还能领红包【玩手机赚零钱】即赚即提不卡余额，悬赏接单提现秒到账、不绑卡、不扣手续费【趣味知识答题】汇聚历史、地理、影视等多方面知识题库【邀请亲友有奖】邀请好友一起玩，每位可得6元，总奖励上不封顶问题反馈：App内在线反馈或联系企业QQ客服800183970新版本上线大小：28.81M更新：2022-05-30版本：4.0.2格式：apk分类：便捷生活要求：5.0以上
								隐私政策
							"
欧拉,com.olkj.oula,社交网络,欧拉APP一款好玩语音聊天软件,"欧拉app是一款最新上线的手机社交类的应用软件，帮助更多用户都能线上互动交友，给您带来优质的用户在线，欧拉app严格的认证机制，欧拉app给您带来最真实的用户群体。暂无大小：103.24M更新：2022-05-30版本：1.0.0格式：apk分类：社交网络要求：5.0以上
								隐私政策
							"
在么App,com.guochao.zaime,社交网络,短视频、直播和随机匹配视频聊天,"“在么”是深受年轻人喜欢的高档约会交友APP，给年轻人一个全新的遇见方式，打造真正的年轻人社交平台。拆盲盒的新方式遇见Ta，系统速配附近的人，蒙面视频式聊天，感觉对了再揭面，保护隐私更安全！【视频速配】与高颜的Ta即时速配开启视频聊天，蒙面视频式聊天让您与Ta无惧在线交流，保护隐私的同时也可放飞灵魂 ！在有趣的空间认识真实的Ta！【左滑右滑】左滑无感、右滑喜欢。互相喜欢即配对速撩，瞬间告知您喜欢的那个Ta。 与Ta相识从右滑开始，寻找到您的专属陪伴！【魅力直播】附近超多优质主播在线直播，各个颜高、才艺多！互动玩法多变，奖励脸红心跳，惩罚惊奇刺激！一键Get丰富礼物，向您喜欢的主播展示你的非凡魅力。【动态广场】轻松发现您附近的人，展开一段浪漫的线下邂逅吧！告别“不知道聊什么”的尴尬场景，每条动态都是你和Ta的话题。【多形式聊天】“在么”即时聊天，感兴趣的人一键关注，快速互动聊天！文字、视频、语音、图片、萌表情，选择您喜欢的方式开启聊天！找到您的灵魂伴侣！给您“柏拉图”式的陪伴在么App更新啦！ 修复了已知问题，优化了用户体验~大小：95.62M更新：2022-08-17版本：1.0.55格式：apk分类：社交网络要求：6.0以上
								开发者：
							
								隐私政策
							"
农机保工程师,com.nongjibao.benben,便捷生活,一站式农机售后服务平台,"需要维修农机的用户，请打开微信小程序搜索""农机保""进入下单即可。农机保工程师App是一款为农机维修工程师提供线上接单服务的App，后台会及时给工程师安排订单。1.可以实现工程师线上接单，工作方便快捷2.工程师可以在软件上直接申请物料，无需去市场购买，缩短维修时间，降低成本费用。3.规范简洁的流程可以帮助提高工程师的工作效率主要模块:【服务订单】:后台会根据坐标，就近给工程师安排订单，工程师可直接导航至用户处服务，订单分为四个状态：待接单，待服务，服务中，已完成。【物料申请】:可以根据您的地址筛选对应的仓库，您可以从中选择需要的物料配件加入申请清单中，还可以根据物料清单功能在农机结构树中查找对应结构下的物料。【申请清单】可以勾选需要的订单进行提交申请，可以直接在线上申请物料也可以线下去仓库自提，物料由后台提供无需工程师自费。【我的】:可以查看我的信息，我的收入，我的物料，已使用物料，物料申请订单实时情况和核销记录，方便工程师核对。当前版本为1.0.8解决已知问题大小：36.82M更新：2022-07-04版本：1.0.8格式：apk分类：便捷生活要求：4.4以上
								隐私政策
							"
工蜂,com.example.ayun.workbee,社交网络,建筑行业资源共享服务平台,"工蜂APP是一个为工程建筑行业内人员提供全方位服务的资源共享平台！它为行业内人员提供各种需求对接，老板可以从里面很方便的找员工、找材料、找机械设备、找分包商；员工很方便的找自己想参与的项目。它操作方便、界面友好、功能全面、系统而且专业！工蜂APP 的目标：让劳动者安心工作，为劳动者解决后顾之忧！让劳动受到尊敬，让劳动价值获得保障，让工匠精神发扬光大！暂无大小：20.11M更新：2022-05-26版本：3.2.2格式：apk分类：社交网络要求：5.0以上
								隐私政策
							"
星球博物馆,com.waqu.android.museum,影音播放,来星球博物馆，成为原创收藏家,"星球博物馆，一个藏品的平台。【原创藏品】来星球博物馆，成为原创收藏家，创建/收藏好看的、好玩的、好笑的原创视频/图集，优质藏品应有尽有！【藏品收藏】因喜欢而收藏，收藏有价值的藏品，让其持续升值，稳赚不赔；【藏品收益】不管你是创建藏品，还是收藏藏品，交易成功即可获得回报，公平透明，收益看得见；【藏品价值】让藏品不再局限于实物，让更多的人能够自由欣赏并拥有正版的原创作品，为创作者和粉丝提供有趣的互动体验。有趣的不仅仅是这些，还有更多未知等待我们去探索，无限可能，尽在星球博物馆!暂无大小：55.72M更新：2022-05-25版本：10.0.0格式：apk分类：影音播放要求：5.0以上
								隐私政策
							"
试衣精灵,com.shiyijingling.app,拍摄美化,在线试衣 服装搭配 时尚穿搭,"试衣精灵是一款在线试衣APP, 用户选择系统服装款式搭配、发型，动作、场景。上传个人头像照片，建立一个自己的虚拟形象，观赏自己AI换脸后的美照，为个人时尚搭配提供参考。试衣精灵也是一款写真拍摄软件。用户上传自己的头像自拍照，就可以AI换脸，试各种发型和各种古装、旗袍、民国风情写真，让客户足不出户就实现时空穿越，欣赏绝美的自己！更新安全报告大小：30.17M更新：2022-05-25版本：1.2.7格式：apk分类：拍摄美化要求：4.4以上
								隐私政策
							"
雄安电商,com.xiongandianshang.app,网购支付,领取海量大额优惠券省钱的APP,"雄安电商是一款用户领取海量大额优惠券，购物省钱的APP。先领券再下单，做您生活小钱小助手。在雄安电商购买商品比直接买，省的更多；不让您多花一笔冤枉钱。【漏洞福利】小编每日提供超低价格，超高性价比的商品推荐，教您用小钱买好货；【实时线报】每天提供上百种商品线报，优惠抢先购；【活动列表】各大平台官方活动提前通知，可供分享。我们为用户提供高品质商品，满足不同用户购物需求。本应用从生活百货，美妆服饰，零食小吃，应有尽有，想不到的低价，让您快乐购物，享受乐趣。修复已知bug，优化客户体验。大小：41.78M更新：2022-06-20版本：2.0.74格式：apk分类：网购支付要求：5.0以上
								隐私政策
							"
在秀,com.tnshow.TV,社交网络,在秀 元宇宙新社交平台,"【元宇宙】在秀个性二次元，是独特个性的展示平台。【秀吧】是热贴论坛心情交流讨论的平台，秀吧上可以发布新鲜、火热、有趣的内容或找到你感兴趣的话题， 在本吧大家可以畅所欲言，欢迎加入。【官群】一个企业的发声窗口；发现社群可创建超万人群，有喜欢的内容可以随时参与其中；强大的群管理功能，全新体验升级的群层级、群中群等丰富的群功能。打造您的专属私域流量池；能长期保存你的视频，相片等资料文件，方便随时调取使用。再也不用担心手机丢失的数据损失。【资源信息】提供资源，所需资源，免费对接资源信息，为有资源和找资源者提供一个免费开放对接的平台，让商务对接更简单。【视频通讯】兴趣爱好者、歌手、舞蹈家、旅行者…每个人在这里分享精彩视频，秀出自己！视频组群结交更多志趣相投者。还有丰富的聊天、对讲机、阅后即焚、支持多国语言在线实时翻译等通讯功能。【备忘录】集合了备忘、记事、提醒等分类管理功能，支持标注重要选择，且针对记录的备忘事项可设置时间提醒；是记录生活点滴和事情的好帮手，让你的生活变的有条有理。【尽享每秒、精彩在秀】在秀视频+官群+通讯+社群+备忘录+秀吧+资源信息是一款元宇宙新社交平台，在秀——为美好生活赋能。1、日常BUG修复。大小：122.39M更新：2022-06-16版本：2.3.2格式：apk分类：社交网络要求：5.1以上
								隐私政策
							"
去选运维,com.qlkj.operategochoose,便捷生活,帮助运维人员进行日常车辆管理,"运维人员可以通过 APP 进行车辆基本信息查看、创建工单、处理工单、故障报修、管理停车点等操作，同时可以接收车辆各种信息提醒，更好的进行日常维护，保证车辆正常骑行1、优化部分功能，提供更优产品体验大小：17.28M更新：2022-07-01版本：1.0.8格式：apk分类：便捷生活要求：5.0以上
								隐私政策
							"
去选运维,com.qlkj.operategochoose,便捷生活,帮助运维人员进行日常车辆管理,"运维人员可以通过 APP 进行车辆基本信息查看、创建工单、处理工单、故障报修、管理停车点等操作，同时可以接收车辆各种信息提醒，更好的进行日常维护，保证车辆正常骑行1、优化部分功能，提供更优产品体验大小：17.28M更新：2022-07-01版本：1.0.8格式：apk分类：便捷生活要求：5.0以上
								隐私政策
							"
青木短视频剪辑器,com.cb.spjjq,拍摄美化,好用的视频剪辑,"青木短视频剪辑器 App    想随时随地在手机上编辑视频照片吗？青木短视频剪辑器 视频编辑器是您的最佳选择。    青木短视频剪辑器 Video Editor 是一款简单、 功能强大的视频编辑、照片编辑、演示和拼贴应用程序，可让您随时随地在手机上编辑、合并、修改视频、图像、vlog、状态甚至电影。青木短视频剪辑器 易于使用，您可以在 30 秒内制作出精彩的视频。凭借音乐、特效、滤镜、贴纸、动作、字幕等内置功能，青木短视频剪辑器 视频编辑器可以做 其他移动应用程序无法做的事情。青木短视频剪辑器 功能强大，可以满足您对视频编辑、照片编辑和制作拼贴的所有需求。    使用 青木短视频剪辑器 ！ ，您可以使用它来编辑任意数量的视频，长度不受限制，并且可以导出无限数量的视频。青木短视频剪辑器             ️主要特点：            轻松编辑，简单有趣    修剪、裁剪或分割视频到您需要的长度。只需拖放即可排列视频、音频和照片。无论您是专业的视频编辑器还是初学者，都可以使用 青木短视频剪辑器 视频修剪器和切割器让您的视频流行起来。            像专业人士一样编辑照片    青木短视频剪辑器 为您提供快速的照片编辑工具。只需单击几下，您就可以将照片变成真正的艺术品。轻松制作您的会所个人资料照片。            高效的拼贴工具    只需点击几下，即可制作包含 1-9 张图片的精美拼贴，可调整间隙、角落和背景颜色！            趋势视频效果和过滤器    青木短视频剪辑器 视频编辑器制造商从 Instagram 中选择了最受欢迎的过滤器。它还提供大量视频过渡效果，让您的视频脱颖而出。            添加音乐    借助 青木短视频剪辑器 视频编辑器及其庞大的内置音乐库，为您的视频添加音乐或画外音比以前容易得多。不再有烦人的音乐搜索，您还可以从自己喜欢的视频中提取背景音乐。            颜色分级    增强和调整视频的颜色、曝光度、饱和度、对比度，并通过方便的颜色校正和颜色分级功能使您的视频栩栩如生。青木短视频剪辑器 视频编辑器让您的视频变得更加生动和吸引人变得非常容易。            裁剪和更改背景。    青木短视频剪辑器 视频编辑器和视频制作器可以为您的视频添加边框、背景，甚至修改宽高比。无论您想在何种社交媒体上发布视频，青木短视频剪辑器 总能为您选择最佳比例！            自定义标题和图形    访问内置动画图形，例如标题、贴纸和覆盖。多种文字字体和贴纸等你来发现。更改颜色、大小、字体等，让它们成为你的。            压缩视频    青木短视频剪辑器 Video Editor 可以帮助您压缩或占用手机大量空间的大型视频并节省手机空间。这也使您可以更轻松地与朋友分享视频！            ‍♀️视频速度控制    加速，减速和倒带。只需点击几下视频制作器，您就可以以有趣的方式加快视频播放速度，或者在特殊时刻减慢视频播放速度。            导出全高清视频    创建完视频后，青木短视频剪辑器 视频编辑器允许您将其导出为全高清格式并轻松保存到手机中1.修复启动时 同意隐私政策之前获取mac地址大小：75.14M更新：2022-05-23版本：1.4.3.1076格式：apk分类：拍摄美化要求：6.0以上
								隐私政策
							"
三眼娃,com.sanyanwa.cn,网购支付,网络购物省钱必备软件,"三眼娃APP是一款生活优惠软件，先领券，再购物，超省钱！1.【购物省钱】淘宝/天猫、京东、拼多多和唯品会隐藏优惠券！2.【吃饭省钱】美团饿了么外卖红包，肯德基/麦当劳点餐5折起！3.【缴费省钱】充话费立减，视频会员大额隐藏优惠券！4.【打车省钱】领取高德地图100元打车券！5.【签到红包、品牌好货、限时抢购、热销榜单、防疫专区】★★学生、宝妈、上班族必备的购物省钱工具★★          ★★★★★三眼娃为您省钱★★★★★修复已知问题！大小：4.62M更新：2022-05-23版本：1.0.0格式：apk分类：网购支付要求：4.2以上
								隐私政策
							"
FGE背键,com.fge.backkey,系统工具,连接蓝牙设置背键上M1/M2键,"用户通过蓝牙设置与背键设备建立连接后，在App中点击背键中的M1/M2按钮，可对其进行单键以及组合键的配置映射；设置完成后，点击“启用配置”按钮让配置生效并使用。修复Bug并优化性能大小：22.87M更新：2022-05-23版本：1.0格式：apk分类：系统工具要求：5.0以上
								隐私政策
							"
面包配音,com.zgs.mbpy,系统工具,专业AI真人语音配音软件,"面包配音是一款专业AI及真人语音配音软件。主打配音、音效，一键合成音频，让你轻松搞定一部专属高清保真原声音频！签约万名大咖主播，好声音在面包配音。 面包配音提供海量音色素材，萝莉音、御姐音、少年音等等各色声线应有尽有。为用户便捷的使用配音功能，面包配音支持配置语音速度，语调，音量大小的调节，方便的个性化定制自己想要的声音。 在面包配音选择好主播后一键配音，即可生成高清保真原声音频，同时支持导出到微信，QQ等各大社交媒体，也支持本地播放声音，超级简单，方便。 面包配音专业文字转语音配音软件，一键配音，支持配置语音速度，语调，音量大小的调节，即可生成配音文件，个性化定制自己想要的声音。 【适用场景】 1、有声阅读，个性听书、读新闻、读儿童故事。 2、儿童配音：为孩子制作儿童读物。 3、英语配音：可以作为听力材料，可进行电影台词、出版物、广告语、企业宣传片等进行英语配音。 4、广告配音：可为广告制作配音，多达男女配音，个性生动仿真配音。1.优化ai配音性能。2.优化主播配音音质。一键合成音频，让你轻松搞定一部专属高清保真原声音频大小：5.05M更新：2022-06-13版本：1.0.1格式：apk分类：系统工具要求：4.4以上
								隐私政策
							"
管件通,cn.guanjiantong.www,网购支付,供求信息发布，在线批发销售,"管件行业的供求信息发布，在线销售的，一键查找厂家，在线看产品，在线下单，可根据产品找厂家，可搜索厂家找产品，根据订单找货源，也可以直接发布订单，等待厂家配单。修复法人代表收不到验证码的BUG大小：22.70M更新：2022-06-07版本：1.0.6格式：apk分类：网购支付要求：4.4以上
								隐私政策
							"
萌动乐园,com.mlqk.dmly,学习办公,海量题库百科知识答题拿金币,"海量题库百科知识答题拿金币《萌动乐园》是一款娱乐休闲的百科答题类app，包含了十万+各个领域的趣味题目，天文地理、科学艺术、风俗美食、八卦娱乐、电影动漫、生活常识等等什么都有。在休闲的同时学到知识，快来试试吧！版本更新大小：18.01M更新：2022-05-13版本：1.0.0格式：apk分类：学习办公要求：4.4以上
								隐私政策
							"
AI学习宝,com.lj.ljshell.ailearning,学习办公,学情大数据精准教学系统,"利用大数据技术分析最近全国中考真题，总结出290个题型、10套铺码母题卷。以智慧笔、铺码母题卷为载体，收集作答数据，通过大数据学情分析，精准定位薄弱知识点，并提供薄弱点名师视频讲解、错题举一反三变式练习，提供全面的精准学习服务。修复BUG大小：70.91M更新：2022-08-05版本：1.0.261格式：apk分类：学习办公要求：5.0以上
								隐私政策
							"
附近巧遇,com.shenxu.tongchengqiaoyuwang,社交网络,找对象，上附近巧遇！,"附近巧遇，是一款旨在为年轻单身男性或大龄单身男性解决单身问题而打造的一款婚恋交友App，所有会员信息绝对保密，上“附近巧遇App”可以通过报名参与线下各种国外相亲活动以及国内各种相亲活动，平台全程跟踪服务，快速帮您解决单身问题。暂无大小：32.42M更新：2022-07-27版本：1.0.61格式：apk分类：社交网络要求：4.4以上
								隐私政策
							"
云物流,com.netsun.android.cloudlogistics,便捷生活,为物流公司打造的一款物流服务软件,"云物流是浙江网盛生意宝股份有限公司为物流公司打造的一款物流服务软件，为全国各地优质物流公司搭建的物流平台，承运货主和物流网络发布的运单，同时给货运司机派发运单，实现随时接单、灵活派单，以及物流跟踪等服务。暂无大小：16.06M更新：2022-05-09版本：1.2格式：apk分类：便捷生活要求：6.0以上
								隐私政策
							"
